{"cameraMode":{"drawMode":0,"name":"Shaded","section":"Shading Mode"},"sceneLighting":true,"audioPlay":false,"sceneViewState":{"showFog":true,"showMaterialUpdate":false,"showSkybox":true,"showFlares":true,"showImageEffects":true,"showParticleSystems":true},"in2DMode":false,"pivot":{"x":12.459259986877442,"y":-9.036478042602539,"z":26.869308471679689},"rotation":{"x":0.15921726822853089,"y":0.2050986886024475,"z":-0.0338357575237751,"w":0.9651132822036743},"size":23.115291595458986,"orthographic":false}