{"cameraMode":{"drawMode":0,"name":"Shaded","section":"Shading Mode"},"sceneLighting":true,"audioPlay":false,"sceneViewState":{"showFog":true,"showMaterialUpdate":false,"showSkybox":true,"showFlares":true,"showImageEffects":true,"showParticleSystems":true},"in2DMode":false,"pivot":{"x":18.463592529296876,"y":-6.882686614990234,"z":23.06521224975586},"rotation":{"x":0.13938140869140626,"y":0.39974427223205569,"z":-0.06164269149303436,"w":0.903870165348053},"size":32.100868225097659,"orthographic":false}